q,price_pts,mix drag 0 (pre Q4-25 run-rate),mix drag −1.5,mix drag −3 (Q4-25→Q2-26 run-rate),reported_arpu_cc,implied_mix_drag,consensus_arpu_growth
Q1-25,4.5,4.5,3.0,1.5,4.0,-0.5,
Q2-25,4.2,4.2,2.7,1.2,2.0,-2.2,
Q3-25,1.0,1.0,-0.5,-2.0,0.0,-1.0,
Q4-25,5.65,5.65,4.15,2.65,2.0,-3.65,
Q1-26,9.2,9.2,7.7,6.2,5.7,-3.5,
Q2-26,10.68,10.68,9.18,7.68,7.4,-3.28,
Q3-26,10.1,10.1,8.6,7.1,,,7.0
Q4-26,5.45,5.45,3.95,2.45,,,5.5
Q1-27,1.9,1.9,0.4,-1.1,,,4.5
Q2-27,0.22,0.22,-1.28,-2.78,,,4.5
Q3-27,0.0,0.0,-1.5,-3.0,,,4.5
Q4-27,0.0,0.0,-1.5,-3.0,,,4.5
