label,announced,effective,est_share_of_premium_rev,est_blended_uplift,yoy_contribution_pts_at_full_run
Jul-23 global (53 mkts incl US $9.99→10.99),2023-07-24,2023-08/09,0.7,0.11,0.0
Apr-24 UK/AU/PK (+2),2024-04,2024-04/05,0.08,0.11,1.0
Jun-24 US $10.99→11.99 (family +18%),2024-06-03,2024-07,0.32,0.11,3.5
Apr-25 Benelux (+9–22%),2025-04,2025-04,0.03,0.12,0.3
Sep-25 Europe/LatAm/APAC/MEA/S.Asia (€10.99→11.99; US & CA excluded),2025-08-04,2025-09→11 on billing dates,0.55,0.127,7.0
"Nov-25 EM three-tier (ID, SA, UAE, ZA, IN)",2025-11,2025-11,0.02,0.1,0.2
"Feb-26 US $11.99→12.99 (+EE, LV)",2026-01-15,2026-02 billing dates,0.33,0.1,3.4
May-26 Canada CAD 12.69→13.99,2026-05-12,2026-07 for existing,0.03,0.1,0.3
"May-26 India Standard ₹199→139 (−30%), Lite scrapped",2026-05-15,2026-05,0.005,-0.3,-0.1
