q,rev,gm,gp,oi,oi_margin,opex,sc,opex_ex_sc,mau,subs,arpu,ad,prem
Q1-24,3636,27.6,1004,168,4.6,836,,,615,239,,,
Q2-24,3807,29.2,1112,266,7.0,846,,,626,246,,,
Q3-24,3988,31.1,1240,454,11.4,786,,,640,252,,,
Q4-24,4242,32.2,1366,477,11.2,889,,,675,263,,,
Q1-25,4190,31.6,1324,509,12.1,815,76,739,678,268,4.73,419,3771
Q2-25,4190,31.5,1320,406,9.7,914,116,798,696,276,4.57,453,3737
Q3-25,4272,31.6,1350,582,13.6,768,-16,784,713,281,4.53,447,3825
Q4-25,4500,33.1,1490,701,15.6,788,,,751,290,4.7,518,3982
Q1-26,4530,33.0,1495,715,15.8,780,-39,819,761,293,4.76,385,4150
Q2-26,4780,33.4,1597,655,13.7,942,1,941,777,300,4.89,446,4330
Q3-26G,5000,32.9,1645,670,13.4,975,9,966,788,305,,,
